{"(646.1375675915674, 727.0236048874862)": [[620.6896551724167, 696.5517241379338], 38, 0.0, 60.0], "(620.6896551724167, 593.1034482758591)": [[775.678831372361, 593.1028582168126], 16, 85.99999999999977, 60.0], "(521.8511910943836, 50.4141565463637)": [[491.37949306380625, 566.8620689654823], 35, 490.9999999999991, 60.0], "(521.851223688479, 696.9657007525049)": [[491.3791274847063, 722.4137931034481], 40, 0.0, 60.0], "(750.0001828601224, 567.2413793103448)": [[749.9998175462374, 722.2413793099219], 26, 155.0000000000076, 60.0], "(396.5517241379309, 929.310344827586)": [[517.5517241379309, 929.310344827586], 3, 121.00000000000006, 60.0], "(396.551724137931, 49.99999999999999)": [[51.724336963665635, 566.4482757762042], 12, 413.00000000000006, 60.0], "(517.241379310345, 49.99999999999999)": [[396.241379310345, 49.99999999999999], 11, 121.0, 60.0], "(646.5517241379309, 567.2413793103448)": [[620.6896551724167, 50.00000000000289], 30, 0.0, 60.0], "(517.241379310345, 929.310344827586)": [[620.241379310345, 929.310344827586], 4, 103.0, 60.0], "(749.9998171747109, 722.4482758621511)": [[775.862068965518, 929.310344827586], 20, 0.0, 60.0], "(616.0798433883785, 928.8961882812196)": [[646.5517241379309, 721.4482758620688], 21, 182.0, 60.0], "(517.2413772516242, 593.1032654157436)": [[620.2413772514602, 593.1034474834614], 15, 102.99999999999697, 60.0], "(780.4718807495568, 50.41415654636272)": [[750.0001828601224, 567.2413793103448], 25, 0.0, 60.0], "(52.13847440918792, 562.6316001204016)": [[395.5862068964975, 593.1034477223521], 13, 317.999999999998, 60.0], "(620.24130063866, 696.5517233454007)": [[517.241300638824, 696.5515412779288], 39, 0.0, 60.0], "(775.862068965518, 49.99999999999899)": [[620.862068965518, 50.000000000003396], 9, 155.0, 60.0], "(616.0798433883785, 592.6892917294955)": [[646.551724137931, 567.2413793103448], 32, 0.0, 60.0], "(51.72395598105259, 722.0276275495019)": [[396.655172413793, 929.310344827586], 2, 207.0, 60.0], "(715.5411126872285, 567.0496766048813)": [[685.069231937676, 592.497589024032], 31, 45.25862068965011, 60.0], "(491.3791274847064, 722.4137931034481)": [[517.241379310345, 929.310344827586], 19, 0.0, 60.0], "(775.8620689658974, 593.1032654157415)": [[931.0342998985009, 567.2413793103448], 17, 0.0, 60.0], "(516.5517241377945, 696.5515423227187)": [[396.551724137931, 696.5517241379309], 41, 0.0, 60.0], "(391.9419123538924, 928.8961882812224)": [[422.41379310344826, 721.4482758620688], 18, 182.0, 60.0], "(775.862068965518, 929.310344827586)": [[931.0347975964601, 723.0774669095463], 6, 107.00000000000377, 60.0], "(391.9419123538924, 592.6892917294983)": [[422.41379310344826, 567.2413793103448], 33, 0.0, 60.0], "(620.6896551724167, 929.3103448275835)": [[775.6896551724167, 929.3103448275835], 5, 155.0, 60.0], "(396.551724137931, 696.5517241379309)": [[51.72395507091303, 722.4137931034481], 43, 0.0, 60.0], "(421.9996365570845, 727.0236048874867)": [[396.551724137931, 696.5517241379309], 42, 0.0, 60.0], "(422.41379310344826, 567.8620689655172)": [[396.551724137931, 50.0], 34, 0.0, 60.0], "(491.3794927985914, 567.4137931038711)": [[491.3791274847064, 722.4137931034481], 37, 0.0, 60.0], "(931.0342998985008, 567.2413793103448)": [[776.0689659472367, 49.999979310301114], 8, 86.00000000000455, 60.0], "(620.6896551724159, 50.00000000000288)": [[517.6896551724159, 49.99999999999995], 10, 103.0, 60.0], "(930.6205837193281, 727.0236515341077)": [[775.8620069889405, 696.5515412778825], 23, 0.0, 60.0], "(931.0347444565361, 722.4137931034481)": [[931.0343003924528, 567.4137931040825], 7, 155.00000000000173, 60.0, [[931.0343003924528, 567.4137931040825], 22, 155.00000000000173, 60.0]], "(491.7936468229812, 562.6316001204016)": [[517.241379310345, 593.1032654157406], 36, 0.0, 60.0], "(396.551724137931, 593.103448275862)": [[516.5517241377945, 593.1032664606497], 14, 120.00000000000126, 60.0], "(780.471913343652, 696.9657007525049)": [[749.9998171398793, 722.4137931034481], 28, 0.0, 60.0], "(750.4143364781543, 562.6316001204016)": [[775.862068965518, 593.1032654157406], 27, 0.0, 60.0], "(646.5517241379309, 722.4137931034481)": [[646.5517241379309, 566.4137931034481], 29, 156.0, 60.0], "(51.72432079115595, 567.2413793103448)": [[51.72395547726872, 722.2413793099219], 1, 155.0000000000076, 60.0], "(775.689655172311, 696.5515414809826)": [[620.6896551724167, 696.5517241379339], 24, 0.0, 60.0]}