{"(517.241379310345, 49.99999999999999)": [[396.241379310345, 49.99999999999999], 12, 121.0, 60.0], "(517.241379310345, 929.310344827586)": [[620.241379310345, 929.310344827586], 3, 103.0, 60.0], "(396.551724137931, 49.99999999999999)": [[51.724336963665635, 566.4482757762042], 7, 413.00000000000006, 60.0], "(775.862068965518, 929.310344827586)": [[931.0347975964601, 723.0774669095463], 5, 107.00000000000377, 60.0], "(396.5517241379309, 929.310344827586)": [[517.5517241379309, 929.310344827586], 2, 121.00000000000006, 60.0], "(620.6896551724159, 50.00000000000288)": [[517.6896551724159, 49.99999999999995], 11, 103.0, 60.0], "(931.0342998985008, 567.2413793103448)": [[776.0689659472367, 49.999979310301114], 9, 86.00000000000455, 60.0], "(775.862068965518, 49.99999999999899)": [[620.862068965518, 50.000000000003396], 10, 155.0, 60.0], "(51.72432079115595, 567.2413793103448)": [[51.72395547726872, 722.2413793099219], 6, 155.0000000000076, 60.0], "(931.0347444565361, 722.4137931034481)": [[931.0343003924528, 567.4137931040825], 8, 155.00000000000173, 60.0], "(51.72395598105259, 722.0276275495019)": [[396.655172413793, 929.310344827586], 1, 207.0, 60.0], "(620.6896551724167, 929.3103448275835)": [[775.6896551724167, 929.3103448275835], 4, 155.0, 60.0]}